Workbook

Sheet 1_학습데이터
A1: 나이브 베이즈 성별 분류기 — 학습 데이터 | F1: 클래스별 통계량 (평균 & 분산) — 정규분포 가정
A2: 성별 | B2: 키 (피트) | C2: 몸무게 (lbs) | D2: 발 크기 (인치) | F2: 클래스 | G2: 통계 | H2: 키 (피트) | I2: 몸무게 (lbs) | J2: 발 크기 (인치) | K2: 사전확률 P(C) | L2: 샘플수
A3: 남성 | B3: 6 | C3: 180 | D3: 12 | F3: 남성 | G3: 평균 (μ) | H3: =AVERAGE(B3:B6) -> 5.855 | I3: =AVERAGE(C3:C6) -> 176.25 | J3: =AVERAGE(D3:D6) -> 11.25 | K3: =COUNTIF('1_학습데이터'!F3:F10,"남성")/COUNTA('1_학습데이터'!F3:F10) -> 0.5 | L3: =COUNTIF(A3:B6,"남성") -> 4
A4: 남성 | B4: 5.92 | C4: 190 | D4: 11 | G4: 분산 (σ²) | H4: =VAR(B3:B6) -> 0.035033333 | I4: =VAR(C3:C6) -> 122.91667 | J4: =VAR(D3:D6) -> 0.91666667
A5: 남성 | B5: 5.58 | C5: 170 | D5: 12 | F5: 여성 | G5: 평균 (μ) | H5: =AVERAGE(B7:B10) -> 5.4175 | I5: =AVERAGE(C7:C10) -> 132.5 | J5: =AVERAGE(D7:D10) -> 7.5 | K5: =COUNTIF('1_학습데이터'!F3:F10,"여성")/COUNTA('1_학습데이터'!F3:F10) -> 0.5 | L5: =COUNTIF(A7:B10,"여성") -> 4
A6: 남성 | B6: 5.92 | C6: 165 | D6: 10 | G6: 분산 (σ²) | H6: =VAR(B7:B10) -> 0.097225 | I6: =VAR(C7:C10) -> 558.33333 | J6: =VAR(D7:D10) -> 1.6666667
A7: 여성 | B7: 5 | C7: 100 | D7: 6
A8: 여성 | B8: 5.5 | C8: 150 | D8: 8 | G8: New data | H8: 6 | I8: 130 | J8: 8 | K8: 조건부동시확률 | L8: 사전확률 | M8: 사후확률 | N8: Exponential | O8: Softmax
A9: 여성 | B9: 5.42 | C9: 130 | D9: 7 | F9: 남성 | H9: =_xlfn.NORM.DIST(H$8, H3, SQRT(H4), 0) -> 1.5788832 | I9: =_xlfn.NORM.DIST(I$8, I3, SQRT(I4), 0) -> 5.986743e-06 | J9: =_xlfn.NORM.DIST(J$8, J3, SQRT(J4), 0) -> 0.001311221 | K9: =H9*I9*J9 -> 1.2394144e-08 | L9: =K3 -> 0.5 | M9: =K9*L9 -> 6.1970718e-09 | N9: =EXP(M9) -> 1 | O9: =N9/N11 -> 0.49986555
A10: 여성 | B10: 5.75 | C10: 150 | D10: 9 | F10: 여성 | H10: =_xlfn.NORM.DIST(H$8, H5, SQRT(H6), 0) -> 0.22345873 | I10: =_xlfn.NORM.DIST(I$8, I5, SQRT(I6), 0) -> 0.016789298 | J10: =_xlfn.NORM.DIST(J$8, J5, SQRT(J6), 0) -> 0.2866907 | K10: =H10*I10*J10 -> 0.0010755818 | L10: =K5 -> 0.5 | M10: =K10*L10 -> 0.00053779092 | N10: =EXP(M10) -> 1.0005379 | O10: =N10/N11 -> 0.50013445
L11: 분류예측 | M11: =IF(M9>M10,"남성 👨","여성 👩") -> 여성 👩 | N11: =SUM(N9:N10) -> 2.0005379 | O11: =SUM(O9:O10) -> 1

Sheet 2_통계량
A1: 클래스별 통계량 (평균 & 분산) — 정규분포 가정
A2: 클래스 | B2: 통계 | C2: 키 (피트) | D2: 몸무게 (lbs) | E2: 발 크기 (인치) | F2: 사전확률 P(C) | G2: 샘플수
A3: 남성 | B3: 평균 (μ) | C3: =AVERAGE('1_학습데이터'!B3:B6) -> 5.855 | D3: =AVERAGE('1_학습데이터'!C3:C6) -> 176.25 | E3: =AVERAGE('1_학습데이터'!D3:D6) -> 11.25 | F3: =COUNTIF('1_학습데이터'!A3:A10,"남성")/COUNTA('1_학습데이터'!A3:A10) -> 0.5 | G3: =COUNTIF('1_학습데이터'!A3:A10,"남성") -> 4
B4: 분산 (σ²) | C4: =VAR('1_학습데이터'!B3:B6) -> 0.035033333 | D4: =VAR('1_학습데이터'!C3:C6) -> 122.91667 | E4: =VAR('1_학습데이터'!D3:D6) -> 0.91666667
A5: 여성 | B5: 평균 (μ) | C5: =AVERAGE('1_학습데이터'!B7:B10) -> 5.4175 | D5: =AVERAGE('1_학습데이터'!C7:C10) -> 132.5 | E5: =AVERAGE('1_학습데이터'!D7:D10) -> 7.5 | F5: =COUNTIF('1_학습데이터'!A3:A10,"여성")/COUNTA('1_학습데이터'!A3:A10) -> 0.5 | G5: =COUNTIF('1_학습데이터'!A3:A10,"여성") -> 4
B6: 분산 (σ²) | C6: =VAR('1_학습데이터'!B7:B10) -> 0.097225 | D6: =VAR('1_학습데이터'!C7:C10) -> 558.33333 | E6: =VAR('1_학습데이터'!D7:D10) -> 1.6666667

Sheet 3_예측
A1: 성별 예측 — 노란색 셀에 값을 입력하세요
A2: ▶ STEP 1: 예측할 사람의 수치 입력
B3: 키 (피트) | C3: 몸무게 (lbs) | D3: 발 크기 (인치)
A4: 입력값 | B4: 5.5 | C4: 150 | D4: 8 | E4: ← 여기 값을 바꿔보세요!
A6: ▶ STEP 2: 정규분포 확률밀도 P(특징|성별) 계산
A7: 공식: P(x|C) = (1/√(2π·σ²)) · exp(−(x−μ)²/(2σ²)) ← 가우시안 확률밀도함수 (Google Sheets / Excel 모두 호환)
A8: 클래스 | B8: P(키|C) | C8: P(몸무게|C) | D8: P(발크기|C) | E8: 사전확률 P(C)
A9: 남성 | B9: =(1/SQRT(2*PI()*'2_통계량'!C4))*EXP(-(B4-'2_통계량'!C3)^2/(2*'2_통계량'!C4)) -> 12.876877 | C9: =(1/SQRT(2*PI()*'2_통계량'!D4))*EXP(-(C4-'2_통계량'!D3)^2/(2*'2_통계량'!D4)) -> 0.59349544 | D9: =(1/SQRT(2*PI()*'2_통계량'!E4))*EXP(-(D4-'2_통계량'!E3)^2/(2*'2_통계량'!E4)) -> 132.41366 | E9: ='2_통계량'!F3 -> 0.5
A10: 여성 | B10: =(1/SQRT(2*PI()*'2_통계량'!C6))*EXP(-(B4-'2_통계량'!C5)^2/(2*'2_통계량'!C6)) -> 1.3250202 | C10: =(1/SQRT(2*PI()*'2_통계량'!D6))*EXP(-(C4-'2_통계량'!D5)^2/(2*'2_통계량'!D6)) -> 0.022211105 | D10: =(1/SQRT(2*PI()*'2_통계량'!E6))*EXP(-(D4-'2_통계량'!E5)^2/(2*'2_통계량'!E6)) -> 0.33308707 | E10: ='2_통계량'!F5 -> 0.5
A12: ▶ STEP 3: 베이즈 정리 — 사후확률 P(C|X) ∝ P(C) × P(키|C) × P(몸무게|C) × P(발|C)
A13: 클래스 | B13: 비정규화 사후확률 | C13: 정규화 사후확률
A14: 남성 | B14: =E9*B9*C9*D9 -> 505.97696 | C14: =B14/(B14+B15) -> 0.99999031
A15: 여성 | B15: =E10*B10*C10*D10 -> 0.0049014036 | C15: =B15/(B14+B15) -> 9.6869157e-06
A17: ▶ STEP 4: 최종 예측 결과
A18: 예측 성별 | B18: 결과 | C18: 신뢰도 (정규화 확률)
A19: 예측 | B19: =IF(C14>C15,"남성 👨","여성 👩") -> 남성 👨 | C19: =MAX(C14,C15) -> 0.99999031
A21: ※ 나이브 베이즈 가정: 키·몸무게·발 크기가 서로 독립. 데이터가 적을수록 결과 신뢰도 주의.
